First Name,Last Name,Age,Class Group,Employee
Michael,Thompson,52,6887,Orbitrix
Karen,Wilson,43,6298,SkyNet Enterprises
Jessica,Taylor,55,6468,Quantum Corp
Susan,Martin,28,6152,Zenithar Systems
Mary,Garcia,31,6997,SkyNet Enterprises
Linda,Johnson,18,6379,Orbitrix
David,Martin,26,6656,Cyberdynix
Michael,Williams,55,6883,NexaWave
Thomas,Wilson,47,6582,NextGen Technologies
William,Brown,60,6972,Pioneer Works
Michael,Williams,36,6760,Orbitrix
Mary,Taylor,51,6481,Pioneer Works
Joseph,Garcia,35,6867,Quantum Corp
John,Williams,43,6362,NexaWave
John,Jones,61,6153,EcoSystems
Joseph,White,38,6784,NexaWave
Barbara,Wilson,57,6380,NextGen Technologies
Sarah,Wilson,29,6113,SkyNet Enterprises
Patricia,Wilson,21,6515,NextGen Technologies
Jennifer,Jones,23,6382,Orbitrix
Joseph,Smith,39,6886,Cyberdynix
Elizabeth,Harris,61,6704,Cyberdynix
Karen,Williams,52,6601,NextGen Technologies
Michael,Smith,62,6767,Pioneer Works
Richard,Thomas,19,6105,EcoSystems
Linda,White,55,6439,NexaWave
Thomas,Martin,46,6600,Pioneer Works
Mary,Wilson,56,6377,Quantum Corp
Patricia,Jones,48,6891,EcoSystems
Jessica,Smith,26,6753,NexaWave
Jessica,Taylor,34,6856,NexaWave
Jennifer,Thompson,21,6472,EcoSystems
Richard,Taylor,43,6350,EcoSystems
Susan,Brown,39,6316,Zenithar Systems
Susan,Davis,27,6329,NexaWave
Susan,Brown,23,6715,NextGen Technologies
Sarah,Smith,41,6162,Cyberdynix
Charles,Brown,60,6889,Pioneer Works
Elizabeth,Williams,30,6278,Innovatech Solutions
Thomas,Moore,48,6103,Innovatech Solutions
Joseph,Thompson,65,6889,SkyNet Enterprises
David,Moore,32,6725,Cyberdynix
John,Robinson,47,6614,Innovatech Solutions
Robert,Jones,48,6612,Cyberdynix
Jennifer,Martinez,59,6985,EcoSystems
Karen,Martin,32,6700,Pioneer Works
Thomas,White,59,6290,NextGen Technologies
Michael,Johnson,36,6159,Quantum Corp
Karen,Thomas,29,6713,Innovatech Solutions
Patricia,Anderson,18,6583,Innovatech Solutions